select * from customers;
select * from payments;
INSERT INTO `payments` VALUES (103,'HQ336336','2004-10-19 00:00:00',6066.78),(103,'JM555205','2003-06-05 00:00:00',14571.44),(103,'OM314933','2004-12-18 00:00:00',1676.14),(112,'BO864823','2004-12-17 00:00:00',14191.12),(112,'HQ55022','2003-06-06 00:00:00',32641.98),(112,'ND748579','2004-08-20 00:00:00',33347.88),(114,'GG31455','2003-05-20 00:00:00',45864.03),(114,'MA765515','2004-12-15 00:00:00',82261.22),(114,'NP603840','2003-05-31 00:00:00',7565.08),(114,'NR27552','2004-03-10 00:00:00',44894.74),(119,'DB933704','2004-11-14 00:00:00',19501.82),(119,'LN373447','2004-08-08 00:00:00',47924.19),(119,'NG94694','2005-02-22 00:00:00',49523.67),(121,'DB889831','2003-02-16 00:00:00',50218.95),(121,'FD317790','2003-10-28 00:00:00',1491.38),(121,'KI831359','2004-11-04 00:00:00',17876.32),(121,'MA302151','2004-11-28 00:00:00',34638.14),(124,'AE215433','2005-03-05 00:00:00',101244.59),(124,'BG255406','2004-08-28 00:00:00',85410.87),(124,'CQ287967','2003-04-11 00:00:00',11044.30),(124,'ET64396','2005-04-16 00:00:00',83598.04),(124,'HI366474','2004-12-27 00:00:00',47142.70),(124,'HR86578','2004-11-02 00:00:00',55639.66),(124,'KI131716','2003-08-15 00:00:00',111654.40),(124,'LF217299','2004-03-26 00:00:00',43369.30),(124,'NT141748','2003-11-25 00:00:00',45084.38),(128,'DI925118','2003-01-28 00:00:00',10549.01),(128,'FA465482','2003-10-18 00:00:00',24101.81),(128,'FH668230','2004-03-24 00:00:00',33820.62),(128,'IP383901','2004-11-18 00:00:00',7466.32),(129,'DM826140','2004-12-08 00:00:00',26248.78),(129,'ID449593','2003-12-11 00:00:00',23923.93),(129,'PI42991','2003-04-09 00:00:00',16537.85),(131,'CL442705','2003-03-12 00:00:00',22292.62),(131,'MA724562','2004-12-02 00:00:00',50025.35),(131,'NB445135','2004-09-11 00:00:00',35321.97),(141,'AU364101','2003-07-19 00:00:00',36251.03),(141,'DB583216','2004-11-01 00:00:00',36140.38),(141,'DL460618','2005-05-19 00:00:00',46895.48),(141,'HJ32686','2004-01-30 00:00:00',59830.55),(141,'ID10962','2004-12-31 00:00:00',116208.40),(141,'IN446258','2005-03-25 00:00:00',65071.26),(141,'JE105477','2005-03-18 00:00:00',120166.58),(141,'JN355280','2003-10-26 00:00:00',49539.37),(141,'JN722010','2003-02-25 00:00:00',40206.20),(141,'KT52578','2003-12-09 00:00:00',63843.55),(141,'MC46946','2004-07-09 00:00:00',35420.74),(141,'MF629602','2004-08-16 00:00:00',20009.53),(141,'NU627706','2004-05-17 00:00:00',26155.91),(144,'IR846303','2004-12-12 00:00:00',36005.71),(144,'LA685678','2003-04-09 00:00:00',7674.94),(145,'CN328545','2004-07-03 00:00:00',4710.73),(145,'ED39322','2004-04-26 00:00:00',28211.70),(145,'HR182688','2004-12-01 00:00:00',20564.86),(145,'JJ246391','2003-02-20 00:00:00',53959.21),(146,'FP549817','2004-03-18 00:00:00',40978.53),(146,'FU793410','2004-01-16 00:00:00',49614.72),(146,'LJ160635','2003-12-10 00:00:00',39712.10),(148,'BI507030','2003-04-22 00:00:00',44380.15),(148,'DD635282','2004-08-11 00:00:00',2611.84),(148,'KM172879','2003-12-26 00:00:00',105743.00),(148,'ME497970','2005-03-27 00:00:00',3516.04),(151,'BF686658','2003-12-22 00:00:00',58793.53),(151,'GB852215','2004-07-26 00:00:00',20314.44),(151,'IP568906','2003-06-18 00:00:00',58841.35),(151,'KI884577','2004-12-14 00:00:00',39964.63),(157,'HI618861','2004-11-19 00:00:00',35152.12),(157,'NN711988','2004-09-07 00:00:00',63357.13),(161,'BR352384','2004-11-14 00:00:00',2434.25),(161,'BR478494','2003-11-18 00:00:00',50743.65),(161,'KG644125','2005-02-02 00:00:00',12692.19),(161,'NI908214','2003-08-05 00:00:00',38675.13),(166,'BQ327613','2004-09-16 00:00:00',38785.48),(166,'DC979307','2004-07-07 00:00:00',44160.92),(166,'LA318629','2004-02-28 00:00:00',22474.17),(167,'ED743615','2004-09-19 00:00:00',12538.01),(167,'GN228846','2003-12-03 00:00:00',85024.46),(171,'GB878038','2004-03-15 00:00:00',18997.89),(171,'IL104425','2003-11-22 00:00:00',42783.81),(172,'AD832091','2004-09-09 00:00:00',1960.80),(172,'CE51751','2004-12-04 00:00:00',51209.58),(172,'EH208589','2003-04-20 00:00:00',33383.14),(173,'GP545698','2004-05-13 00:00:00',11843.45),(173,'IG462397','2004-03-29 00:00:00',20355.24),(175,'CITI3434344','2005-05-19 00:00:00',28500.78),(175,'IO448913','2003-11-19 00:00:00',24879.08),(175,'PI15215','2004-07-10 00:00:00',42044.77),(177,'AU750837','2004-04-17 00:00:00',15183.63),(177,'CI381435','2004-01-19 00:00:00',47177.59),(181,'CM564612','2004-04-25 00:00:00',22602.36),(181,'GQ132144','2003-01-30 00:00:00',5494.78),(181,'OH367219','2004-11-16 00:00:00',44400.50),(186,'AE192287','2005-03-10 00:00:00',23602.90),(186,'AK412714','2003-10-27 00:00:00',37602.48),(186,'KA602407','2004-10-21 00:00:00',34341.08),(187,'AM968797','2004-11-03 00:00:00',52825.29),(187,'BQ39062','2004-12-08 00:00:00',47159.11),(187,'KL124726','2003-03-27 00:00:00',48425.69),(189,'BO711618','2004-10-03 00:00:00',17359.53),(189,'NM916675','2004-03-01 00:00:00',32538.74),(198,'FI192930','2004-12-06 00:00:00',9658.74),(198,'HQ920205','2003-07-06 00:00:00',6036.96),(198,'IS946883','2004-09-21 00:00:00',5858.56),(201,'DP677013','2003-10-20 00:00:00',23908.24),(201,'OO846801','2004-06-15 00:00:00',37258.94),(202,'HI358554','2003-12-18 00:00:00',36527.61),(202,'IQ627690','2004-11-08 00:00:00',33594.58),(204,'GC697638','2004-08-13 00:00:00',51152.86),(204,'IS150005','2004-09-24 00:00:00',4424.40),(205,'GL756480','2003-12-04 00:00:00',3879.96),(205,'LL562733','2003-09-05 00:00:00',50342.74),(205,'NM739638','2005-02-06 00:00:00',39580.60),(209,'BOAF82044','2005-05-03 00:00:00',35157.75),(209,'ED520529','2004-06-21 00:00:00',4632.31),(209,'PH785937','2004-05-04 00:00:00',36069.26),(211,'BJ535230','2003-12-09 00:00:00',45480.79),(216,'BG407567','2003-05-09 00:00:00',3101.40),(216,'ML780814','2004-12-06 00:00:00',24945.21),(216,'MM342086','2003-12-14 00:00:00',40473.86),(219,'BN17870','2005-03-02 00:00:00',3452.75),(219,'BR941480','2003-10-18 00:00:00',4465.85),(227,'MQ413968','2003-10-31 00:00:00',36164.46),(227,'NU21326','2004-11-02 00:00:00',53745.34),(233,'BOFA23232','2005-05-20 00:00:00',29070.38),(233,'II180006','2004-07-01 00:00:00',22997.45),(233,'JG981190','2003-11-18 00:00:00',16909.84),(239,'NQ865547','2004-03-15 00:00:00',80375.24),(240,'IF245157','2004-11-16 00:00:00',46788.14),(240,'JO719695','2004-03-28 00:00:00',24995.61),(242,'AF40894','2003-11-22 00:00:00',33818.34),(242,'HR224331','2005-06-03 00:00:00',12432.32),(242,'KI744716','2003-07-21 00:00:00',14232.70),(249,'IJ399820','2004-09-19 00:00:00',33924.24),(249,'NE404084','2004-09-04 00:00:00',48298.99),(250,'EQ12267','2005-05-17 00:00:00',17928.09),(250,'HD284647','2004-12-30 00:00:00',26311.63),(250,'HN114306','2003-07-18 00:00:00',23419.47),(256,'EP227123','2004-02-10 00:00:00',5759.42),(256,'HE84936','2004-10-22 00:00:00',53116.99),(259,'EU280955','2004-11-06 00:00:00',61234.67),(259,'GB361972','2003-12-07 00:00:00',27988.47),(260,'IO164641','2004-08-30 00:00:00',37527.58),(260,'NH776924','2004-04-24 00:00:00',29284.42),(276,'EM979878','2005-02-09 00:00:00',27083.78),(276,'KM841847','2003-11-13 00:00:00',38547.19),(276,'LE432182','2003-09-28 00:00:00',41554.73),(276,'OJ819725','2005-04-30 00:00:00',29848.52),(278,'BJ483870','2004-12-05 00:00:00',37654.09),(278,'GP636783','2003-03-02 00:00:00',52151.81),(278,'NI983021','2003-11-24 00:00:00',37723.79),(282,'IA793562','2003-08-03 00:00:00',24013.52),(282,'JT819493','2004-08-02 00:00:00',35806.73),(282,'OD327378','2005-01-03 00:00:00',31835.36),(286,'DR578578','2004-10-28 00:00:00',47411.33),(286,'KH910279','2004-09-05 00:00:00',43134.04),(298,'AJ574927','2004-03-13 00:00:00',47375.92),(298,'LF501133','2004-09-18 00:00:00',61402.00),(299,'AD304085','2003-10-24 00:00:00',36798.88),(299,'NR157385','2004-09-05 00:00:00',32260.16),(311,'DG336041','2005-02-15 00:00:00',46770.52),(311,'FA728475','2003-10-06 00:00:00',32723.04),(311,'NQ966143','2004-04-25 00:00:00',16212.59),(314,'LQ244073','2004-08-09 00:00:00',45352.47),(314,'MD809704','2004-03-03 00:00:00',16901.38),(319,'HL685576','2004-11-06 00:00:00',42339.76),(319,'OM548174','2003-12-07 00:00:00',36092.40),(320,'GJ597719','2005-01-18 00:00:00',8307.28),(320,'HO576374','2003-08-20 00:00:00',41016.75),(320,'MU817160','2003-11-24 00:00:00',52548.49),(321,'DJ15149','2003-11-03 00:00:00',85559.12),(321,'LA556321','2005-03-15 00:00:00',46781.66),(323,'AL493079','2005-05-23 00:00:00',75020.13),(323,'ES347491','2004-06-24 00:00:00',37281.36),(323,'HG738664','2003-07-05 00:00:00',2880.00),(323,'PQ803830','2004-12-24 00:00:00',39440.59),(324,'DQ409197','2004-12-13 00:00:00',13671.82),(324,'FP443161','2003-07-07 00:00:00',29429.14),(324,'HB150714','2003-11-23 00:00:00',37455.77),(328,'EN930356','2004-04-16 00:00:00',7178.66),(328,'NR631421','2004-05-30 00:00:00',31102.85),(333,'HL209210','2003-11-15 00:00:00',23936.53),(333,'JK479662','2003-10-17 00:00:00',9821.32),(333,'NF959653','2005-03-01 00:00:00',21432.31),(334,'CS435306','2005-01-27 00:00:00',45785.34),(334,'HH517378','2003-08-16 00:00:00',29716.86),(334,'LF737277','2004-05-22 00:00:00',28394.54),(339,'AP286625','2004-10-24 00:00:00',23333.06),(339,'DA98827','2003-11-28 00:00:00',34606.28),(344,'AF246722','2003-11-24 00:00:00',31428.21),(344,'NJ906924','2004-04-02 00:00:00',15322.93),(347,'DG700707','2004-01-18 00:00:00',21053.69),(347,'LG808674','2003-10-24 00:00:00',20452.50),(350,'BQ602907','2004-12-11 00:00:00',18888.31),(350,'CI471510','2003-05-25 00:00:00',50824.66),(350,'OB648482','2005-01-29 00:00:00',1834.56),(353,'CO351193','2005-01-10 00:00:00',49705.52),(353,'ED878227','2003-07-21 00:00:00',13920.26),(353,'GT878649','2003-05-21 00:00:00',16700.47),(353,'HJ618252','2005-06-09 00:00:00',46656.94),(357,'AG240323','2003-12-16 00:00:00',20220.04),(357,'NB291497','2004-05-15 00:00:00',36442.34),(362,'FP170292','2004-07-11 00:00:00',18473.71),(362,'OG208861','2004-09-21 00:00:00',15059.76),(363,'HL575273','2004-11-17 00:00:00',50799.69),(363,'IS232033','2003-01-16 00:00:00',10223.83),(363,'PN238558','2003-12-05 00:00:00',55425.77),(379,'CA762595','2005-02-12 00:00:00',28322.83),(379,'FR499138','2003-09-16 00:00:00',32680.31),(379,'GB890854','2004-08-02 00:00:00',12530.51),(381,'BC726082','2004-12-03 00:00:00',12081.52),(381,'CC475233','2003-04-19 00:00:00',1627.56),(381,'GB117430','2005-02-03 00:00:00',14379.90),(381,'MS154481','2003-08-22 00:00:00',1128.20),(382,'CC871084','2003-05-12 00:00:00',35826.33),(382,'CT821147','2004-08-01 00:00:00',6419.84),(382,'PH29054','2004-11-27 00:00:00',42813.83),(385,'BN347084','2003-12-02 00:00:00',20644.24),(385,'CP804873','2004-11-19 00:00:00',15822.84),(385,'EK785462','2003-03-09 00:00:00',51001.22),(386,'DO106109','2003-11-18 00:00:00',38524.29),(386,'HG438769','2004-07-18 00:00:00',51619.02),(398,'AJ478695','2005-02-14 00:00:00',33967.73),(398,'DO787644','2004-06-21 00:00:00',22037.91),(398,'JPMR4544','2005-05-18 00:00:00',615.45),(398,'KB54275','2004-11-29 00:00:00',48927.64),(406,'BJMPR4545','2005-04-23 00:00:00',12190.85),(406,'HJ217687','2004-01-28 00:00:00',49165.16),(406,'NA197101','2004-06-17 00:00:00',25080.96),(412,'GH197075','2004-07-25 00:00:00',35034.57),(412,'PJ434867','2004-04-14 00:00:00',31670.37),(415,'ER54537','2004-09-28 00:00:00',31310.09),(424,'KF480160','2004-12-07 00:00:00',25505.98),(424,'LM271923','2003-04-16 00:00:00',21665.98),(424,'OA595449','2003-10-31 00:00:00',22042.37),(447,'AO757239','2003-09-15 00:00:00',6631.36),(447,'ER615123','2003-06-25 00:00:00',17032.29),(447,'OU516561','2004-12-17 00:00:00',26304.13),(448,'FS299615','2005-04-18 00:00:00',27966.54),(448,'KR822727','2004-09-30 00:00:00',48809.90),(450,'EF485824','2004-06-21 00:00:00',59551.38),(452,'ED473873','2003-11-15 00:00:00',27121.90),(452,'FN640986','2003-11-20 00:00:00',15130.97),(452,'HG635467','2005-05-03 00:00:00',8807.12),(455,'HA777606','2003-12-05 00:00:00',38139.18),(455,'IR662429','2004-05-12 00:00:00',32239.47),(456,'GJ715659','2004-11-13 00:00:00',27550.51),(456,'MO743231','2004-04-30 00:00:00',1679.92),(458,'DD995006','2004-11-15 00:00:00',33145.56),(458,'NA377824','2004-02-06 00:00:00',22162.61),(458,'OO606861','2003-06-13 00:00:00',57131.92),(462,'ED203908','2005-04-15 00:00:00',30293.77),(462,'GC60330','2003-11-08 00:00:00',9977.85),(462,'PE176846','2004-11-27 00:00:00',48355.87),(471,'AB661578','2004-07-28 00:00:00',9415.13),(471,'CO645196','2003-12-10 00:00:00',35505.63),(473,'LL427009','2004-02-17 00:00:00',7612.06),(473,'PC688499','2003-10-27 00:00:00',17746.26),(475,'JP113227','2003-12-09 00:00:00',7678.25),(475,'PB951268','2004-02-13 00:00:00',36070.47),(484,'GK294076','2004-10-26 00:00:00',3474.66),(484,'JH546765','2003-11-29 00:00:00',47513.19),(486,'BL66528','2004-04-14 00:00:00',5899.38),(486,'HS86661','2004-11-23 00:00:00',45994.07),(486,'JB117768','2003-03-20 00:00:00',25833.14),(487,'AH612904','2003-09-28 00:00:00',29997.09),(487,'PT550181','2004-02-29 00:00:00',12573.28),(489,'OC773849','2003-12-04 00:00:00',22275.73),(489,'PO860906','2004-01-31 00:00:00',7310.42),(495,'BH167026','2003-12-26 00:00:00',59265.14),(495,'FN155234','2004-05-14 00:00:00',6276.60),(496,'EU531600','2005-05-25 00:00:00',30253.75),(496,'MB342426','2003-07-16 00:00:00',32077.44),(496,'MN89921','2004-12-31 00:00:00',52166.00);
select * from employees;
select * from payments;
select * from productlines;
INSERT INTO `productlines` VALUES ('Classic Cars','Attention car enthusiasts: Make your wildest car ownership dreams come true.'),('Motorcycles','Our motorcycles are state of the art replicas of classic as well as contemporary motorcycle legends such as Harley Davidson, Ducati and Vespa.'),('Planes','Unique, diecast airplane and helicopter replicas suitable for collections, as well as home, office or classroom decorations.'),('Ships','The perfect holiday or anniversary gift for executives, clients, friends, and family.'),('Trains','Model trains are a rewarding hobby for enthusiasts of all ages.'),('Trucks and Buses','The Truck and Bus models are realistic replicas of buses and specialized trucks produced from the early 1920s to present.'),('Vintage Cars','Our Vintage Car models realistically portray automobiles produced from the early 1900s through the 1940s.'), ('Boats', 'Boats category is a subset of Ships category, hence there is nothing new in this bucket.');

INSERT INTO `products` VALUES ('S10_1678','1969 Harley Davidson Ultimate Chopper','Motorcycles','01:10:00','Min Lin Diecast','7933','48.81','95.7'),('S10_1949','1952 Alpine Renault 1300','Classic Cars','01:10:00','Classic Metal Creations','7305','98.58','214.3'),('S10_2016','1996 Moto Guzzi 1100i','Motorcycles','01:10:00','Highway 66 Mini Classics','6625','68.99','118.94'),('S10_4757','1972 Alfa Romeo GTA','Classic Cars','01:10:00','Motor City Art Classics','3252','85.68','136'),('S10_4962','1962 LanciaA Delta 16V','Classic Cars','01:10:00','Second Gear Diecast','6791','103.42','147.74'),('S12_1099','1968 Ford Mustang','Classic Cars','01:12:00','Autoart Studio Design','68','95.34','194.57'),('S12_1108','2001 Ferrari Enzo','Classic Cars','01:12:00','Second Gear Diecast','3619','95.59','207.8'),('S12_1666','1958 Setra Bus','Trucks and Buses','01:12:00','Welly Diecast Productions','1579','77.9','136.67'),('S12_2823','2002 Suzuki XREO','Motorcycles','01:12:00','Unimax Art Galleries','9997','66.27','150.62'),('S12_3148','1969 Corvair Monza','Classic Cars','01:18:00','Welly Diecast Productions','NULL','NULL','6906'),('S12_3380','1968 Dodge Charger','Classic Cars','01:12:00','Welly Diecast Productions','9123','75.16','117.44'),('S12_3891','1969 Ford Falcon','Classic Cars','01:12:00','Second Gear Diecast','1049','83.05','173.02'),('S12_3990','1970 Plymouth Hemi Cuda','Classic Cars','01:12:00','Studio M Art Models','5663','31.92','79.8'),('S12_4473','1957 Chevy Pickup','Trucks and Buses','01:12:00','Exoto Designs','NULL','6125','55.7'),('S12_4675','1969 Dodge Charger','Classic Cars','01:12:00','Welly Diecast Productions','7323','58.73','115.16'),('S18_1097','1940 Ford Pickup Truck','Trucks and Buses','01:18:00','Studio M Art Models','2613','58.33','116.67'),('S18_1129','1993 Mazda RX-7','Classic Cars','01:18:00','Highway 66 Mini Classics','3975','83.51','141.54'),('S18_1342','1937 Lincoln Berline','Vintage Cars','01:18:00','Motor City Art Classics','8693','60.62','102.74'),('S18_1367','1936 Mercedes-Benz 500K Special Roadster','Vintage Cars','01:18:00','Studio M Art Models','8635','24.26','53.91'),('S18_1589','1965 Aston Martin DB5','Classic Cars','01:18:00','Classic Metal Creations','9042','65.96','124.44'),('S18_1662','1980s Black Hawk Helicopter','Planes','01:18:00','Red Start Diecast','5330','77.27','157.69'),('S18_1749','1917 Grand Touring Sedan','Vintage Cars','01:18:00','Welly Diecast Productions','2724','86.7','170'),('S18_1889','1948 Porsche 356-A Roadster','Classic Cars','01:18:00','Gearbox Collectibles','8826','53.9','77'),('S18_1984','1995 Honda Civic','Classic Cars','01:18:00','Min Lin Diecast','9772','93.89','142.25'),('S18_2238','1998 Chrysler Plymouth Prowler','Classic Cars','01:18:00','Gearbox Collectibles','4724','101.51','163.73'),('S18_2248','1911 Ford Town Car','Vintage Cars','01:18:00','Motor City Art Classics','540','33.3','60.54'),('S18_2319','1964 Mercedes Tour Bus','Trucks and Buses','01:18:00','Unimax Art Galleries','8258','74.86','122.73'),('S18_2325','1932 Model A Ford J-Coupe','Vintage Cars','01:18:00','Autoart Studio Design','9354','58.48','127.13'),('S18_2432','1926 Ford Fire Engine','Trucks and Buses','01:18:00','Carousel DieCast Legends','2018','24.92','60.77'),('S18_2581','P-51-D Mustang','Planes','0.0916666666666667','Gearbox Collectibles','992','49','84.48'),('S18_2625','1936 Harley Davidson El Knucklehead','Motorcycles','01:18:00','Welly Diecast Productions','4357','24.23','60.57'),('S18_2795','1928 Mercedes-Benz SSK','Vintage Cars','01:18:00','Gearbox Collectibles','548','72.56','168.75'),('S18_2870','1999 Indy 500 Monte Carlo SS','Classic Cars','01:18:00','Red Start Diecast','8164','56.76','132'),('S18_2949','1913 Ford Model T Speedster','Vintage Cars','01:18:00','Carousel DieCast Legends','4189','60.78','101.31'),('S18_2957','1934 Ford V8 Coupe','Vintage Cars','01:18:00','Min Lin Diecast','5649','34.35','62.46'),('S18_3029','1999 Yamaha Speed Boat','Ships','01:18:00','Min Lin Diecast','4259','51.61','86.02'),('S18_3136','18th Century Vintage Horse Carriage','Vintage Cars','01:18:00','Red Start Diecast','5992','60.74','104.72'),('S18_3140','1903 Ford Model A','Vintage Cars','01:18:00','Unimax Art Galleries','3913','68.3','136.59'),('S18_3232','1992 Ferrari 360 Spider red','Classic Cars','01:18:00','Unimax Art Galleries','8347','77.9','169.34'),('S18_3233','1985 Toyota Supra','Classic Cars','01:18:00','Highway 66 Mini Classics','7733','57.01','107.57'),('S18_3259','Collectable Wooden Train','Trains','01:18:00','Carousel DieCast Legends','6450','67.56','100.84'),('S18_3278','1969 Dodge Super Bee','Classic Cars','01:18:00','Min Lin Diecast','1917','49.05','80.41'),('S18_3320','1917 Maxwell Touring Car','Vintage Cars','01:18:00','Exoto Designs','7913','57.54','99.21'),('S18_3482','1976 Ford Gran Torino','Classic Cars','01:18:00','Gearbox Collectibles','9127','73.49','146.99'),('S18_3685','1948 Porsche Type 356 Roadster','Classic Cars','01:18:00','Gearbox Collectibles','8990','62.16','141.28'),('S18_3782','1957 Vespa GS150','Motorcycles','01:18:00','Studio M Art Models','7689','32.95','62.17'),('S18_3856','1941 Chevrolet Special Deluxe Cabriolet','Vintage Cars','01:18:00','Exoto Designs','2378','64.58','105.87'),('S18_4027','1970 Triumph Spitfire','Classic Cars','01:18:00','Min Lin Diecast','5545','91.92','143.62'),('S18_4409','1932 Alfa Romeo 8C2300 Spider Sport','Vintage Cars','01:18:00','Exoto Designs','6553','43.26','92.03'),('S18_4522','1904 Buick Runabout','Vintage Cars','01:18:00','Exoto Designs','8290','52.66','87.77'),('S18_4600','1940s Ford truck','Trucks and Buses','01:18:00','Motor City Art Classics','3128','84.76','121.08'),('S18_4668','1939 Cadillac Limousine','Vintage Cars','01:18:00','Studio M Art Models','6645','23.14','50.31'),('S18_4721','1957 Corvette Convertible','Classic Cars','01:18:00','Classic Metal Creations','1249','69.93','148.8'),('S18_4933','1957 Ford Thunderbird','Classic Cars','01:18:00','Studio M Art Models','3209','34.21','71.27'),('S24_1046','1970 Chevy Chevelle SS 454','Classic Cars','01:24:00','Unimax Art Galleries','1005','49.24','73.49'),('S24_1444','1970 Dodge Coronet','Classic Cars','01:24:00','Highway 66 Mini Classics','NULL','4074','32.37'),('S24_1578','1997 BMW R 1100 S','Motorcycles','01:24:00','Autoart Studio Design','7003','60.86','112.7'),('S24_1628','1966 Shelby Cobra 427 S/C','Classic Cars','01:24:00','Carousel DieCast Legends','8197','29.18','50.31'),('S24_1785','1928 British Royal Navy Airplane','Planes','01:24:00','Classic Metal Creations','3627','66.74','109.42'),('S24_1937','1939 Chevrolet Deluxe Coupe','Vintage Cars','01:24:00','Motor City Art Classics','7332','22.57','33.19'),('S24_2000','1960 BSA Gold Star DBD34','Motorcycles','01:24:00','Highway 66 Mini Classics','15','37.32','76.17'),('S24_2011','18th century schooner','Ships','01:24:00','Carousel DieCast Legends','1898','82.34','122.89'),('S24_2022','1938 Cadillac V-16 Presidential Limousine','Vintage Cars','01:24:00','Classic Metal Creations','2847','20.61','44.8'),('S24_2300','1962 Volkswagen Microbus','Trucks and Buses','01:24:00','Autoart Studio Design','2327','61.34','127.79'),('S24_2360','1982 Ducati 900 Monster','Motorcycles','01:24:00','Highway 66 Mini Classics','6840','47.1','69.26'),('S24_2766','1949 Jaguar XK 120','Classic Cars','01:24:00','Classic Metal Creations','2350','47.25','90.87'),('S24_2840','1958 Chevy Corvette Limited Edition','Classic Cars','01:24:00','Carousel DieCast Legends','2542','15.91','35.36'),('S24_2841','1900s Vintage Bi-Plane','Planes','01:24:00','Autoart Studio Design','5942','34.25','68.51'),('S24_2887','1952 Citroen-15CV','Classic Cars','01:24:00','Exoto Designs','1452','72.82','117.44'),('S24_2972','1982 Lamborghini Diablo','Classic Cars','01:24:00','Second Gear Diecast','7723','16.24','37.76'),('S24_3151','1912 Ford Model T Delivery Wagon','Vintage Cars','01:24:00','Min Lin Diecast','9173','46.91','88.51'),('S24_3191','1969 Chevrolet Camaro Z28','Classic Cars','01:24:00','Exoto Designs','4695','50.51','85.61'),('S24_3371','1971 Alpine Renault 1600s','Classic Cars','01:24:00','Welly Diecast Productions','7995','38.58','61.23'),('S24_3420','1937 Horch 930V Limousine','Vintage Cars','01:24:00','Autoart Studio Design','2902','26.3','65.75'),('S24_3432','2002 Chevy Corvette','Classic Cars','01:24:00','Gearbox Collectibles','9446','62.11','107.08'),('S24_3816','1940 Ford Delivery Sedan','Vintage Cars','01:24:00','Carousel DieCast Legends','6621','48.64','83.86'),('S24_3856','1956 Porsche 356A Coupe','Classic Cars','01:18:00','Classic Metal Creations','6600','98.3','140.43'),('S24_3949','Corsair F4U ( Bird Cage)','Planes','01:24:00','Second Gear Diecast','6812','29.34','68.24'),('S24_3969','1936 Mercedes Benz 500k Roadster','Vintage Cars','01:24:00','Red Start Diecast','2081','21.75','41.03'),('S24_4048','1992 Porsche Cayenne Turbo Silver','Classic Cars','01:24:00','Exoto Designs','6582','69.78','118.28'),('S24_4258','1936 Chrysler Airflow','Vintage Cars','01:24:00','Second Gear Diecast','4710','57.46','97.39'),('S24_4278','1900s Vintage Tri-Plane','Planes','01:24:00','Unimax Art Galleries','2756','36.23','72.45'),('S24_4620','1961 Chevrolet Impala','Classic Cars','01:18:00','Classic Metal Creations','7869','32.33','80.84'),('S32_1268','1980’s GM Manhattan Express','Trucks and Buses','01:32:00','Motor City Art Classics','5099','53.93','96.31'),('S32_1374','1997 BMW F650 ST','Motorcycles','01:32:00','Exoto Designs','178','66.92','99.89'),('S32_2206','1982 Ducati 996 R','Motorcycles','01:32:00','Gearbox Collectibles','9241','24.14','40.23'),('S32_2509','1954 Greyhound Scenicruiser','Trucks and Buses','01:32:00','Classic Metal Creations','2874','25.98','54.11'),('S32_3207','1950\'s Chicago Surface Lines Streetcar','Trains','01:32:00','Gearbox Collectibles','8601','26.72','62.14'),('S32_3522','1996 Peterbilt 379 Stake Bed with Outrigger','Trucks and Buses','01:32:00','Red Start Diecast','814','33.61','64.64'),('S32_4289','1928 Ford Phaeton Deluxe','Vintage Cars','01:32:00','Highway 66 Mini Classics','136','33.02','68.79'),('S32_4485','1974 Ducati 350 Mk3 Desmo','Motorcycles','01:32:00','Second Gear Diecast','3341','56.13','102.05'),('S50_1341','1930 Buick Marquette Phaeton','Vintage Cars','01:50:00','Studio M Art Models','7062','27.06','43.64'),('S50_1392','Diamond T620 Semi-Skirted Tanker','Trucks and Buses','01:50:00','Highway 66 Mini Classics','1016','68.29','115.75'),('S50_1514','1962 City of Detroit Streetcar','Trains','01:50:00','Classic Metal Creations','1645','37.49','58.58'),('S50_4713','2002 Yamaha YZR M1','Motorcycles','01:50:00','Autoart Studio Design','600','34.17','81.36'),('S700_1138','The Schooner Bluenose','Ships','0.527777777777778','Autoart Studio Design','1897','34','66.67'),('S700_1691','American Airlines: B767-300','Planes','0.527777777777778','Min Lin Diecast','5841','51.15','91.34'),('S700_1938','The Mayflower','Ships','0.527777777777778','Studio M Art Models','737','43.3','86.61'),('S700_2047','HMS Bounty','Ships','0.527777777777778','Unimax Art Galleries','3501','39.83','90.52'),('S700_2466','America West Airlines B757-200','Planes','0.527777777777778','Motor City Art Classics','9653','68.8','99.72'),('S700_2610','The USS Constitution Ship','Ships','0.527777777777778','Red Start Diecast','NULL',' NULL','NULL'),('S700_2824','1982 Camaro Z28','Classic Cars','01:18:00','Carousel DieCast Legends','6934','46.53','101.15'),('S700_2834','ATA: B757-300','Planes','0.527777777777778','Highway 66 Mini Classics','7106','59.33','118.65'),('S700_3167','F/A 18 Hornet 1/72','Planes','0.0916666666666667','Motor City Art Classics','551','54.4','80'),('S700_3505','The Titanic','Ships','0.527777777777778','Carousel DieCast Legends','1956','51.09','100.17'),('S700_3962','The Queen Mary','Ships','0.527777777777778','Welly Diecast Productions','5088','53.63','99.31'),('S700_4002','American Airlines: MD-11S','Planes','0.527777777777778','Second Gear Diecast','8820','36.27','74.03'),('S72_1253','Boeing X-32A JSF','Planes','0.0916666666666667','Motor City Art Classics','4857','32.77','49.66'),('S72_3212','Pont Yacht','Ships','0.0916666666666667','Unimax Art Galleries','414','33.3','54.6');
select * from products;
SELECT * FROM `employees` LIMIT 0, 5;
select * from `offices` LIMIT 0,5;
SELECT * FROM `customers` LIMIT 0, 5;
SELECT * FROM `orders` LIMIT 0, 5;
SELECT * FROM `orderdetails` LIMIT 0, 5;
SELECT * FROM `payments` LIMIT 0, 5;
SELECT * FROM `products` LIMIT 0, 5;
SELECT * FROM `productlines` LIMIT 0, 5;
#6
INSERT INTO `customers` VALUES (495,'Diecast Collectables','Franco','Valarie','Boston','MA','51003','USA','1188',85100),
(496,'Kelly\'s Gift Shop','Snowden','Tony','Auckland  ','NULL','NULL','New Zealand','1612',110000);

#7a
insert into `employees` values(1102, 'Bondur', 'Gerard', 'x5408', 'gbondur@classicmodelcars.com', 4, '1056', 'Sale Manager(EMEA)');

#8
DELETE FROM productlines  WHERE productLine= 'Boats';

select * from productlines;

# 10a
SELECT * FROM employees
WHERE jobTitle='Sales Rep';
SELECT * FROM employees
WHERE firstName='Leslie';

#10b
SELECT COUNT(employeeNumber) AS Total_Employees
FROM employees ;

#10c
SELECT COUNT(country)
FROM customers;
SELECT * FROM customers
WHERE country IN ('Australia');

#11b
SELECT 
    SUM(CASE
        WHEN status = 'Shipped' THEN quantityOrdered
    END) shipped,
    SUM(CASE
        WHEN status = 'Resolved' THEN quantityOrdered
    END) resolved,
    SUM(CASE
        WHEN status = 'Cancelled' THEN quantityOrdered
    END) cancelled,
    SUM(CASE
        WHEN status = 'On Hold' THEN quantityOrdered
    END) on_hold,
    SUM(CASE
        WHEN status = 'Disputed' THEN quantityOrdered
    END) on_disputed,
    SUM(CASE
        WHEN status = 'In Process' THEN quantityOrdered
    END) in_process
FROM
    orderdetails
        INNER JOIN
    orders USING (orderNumber);


#12
SELECT COUNT(productCode), priceEach
FROM orderdetails
GROUP BY priceEach
HAVING COUNT(productCode) <50;

#13
SELECT max(country) as country from customers;
SELECT * FROM customers
ORDER BY country desc LIMIT 3;
SELECT max(country) as country from customers;
SELECT * FROM customers
ORDER BY country desc ;

#14
SELECT AVG(creditLimit)
FROM customers;

    SELECT 
    AVG(creditLimit) 'Singapore'
FROM
    customers
WHERE
    country = 'Singapore';
    

#23
SELECT AVG(amount), customers.customerName
   FROM payments INNER
     JOIN customers
           GROUP BY customers.customerName having customerName='Mini Gifts Distributors Ltd.';
	
 #18   
SELECT AVG(creditLimit), offices.office_city
   FROM customers INNER
     JOIN offices
           GROUP BY offices.office_city having office_city='Tokyo';
#21           
SELECT country, customerName
FROM customers
where country like 'France';
SELECT Max(creditLimit)country, customerName
FROM customers
where country like 'France';

#22
select productCode,quantityInStock
from products;

select productCode,quantityInStock
from products
WHERE
    productCode = 'S18_1589';
    
 #15   
SELECT sum(amount), customers.customerName
   FROM payments INNER
     JOIN customers
           GROUP BY customers.customerName having customerName='Euro+ Shopping Channel';



SELECT min(amount),customerNumber
   FROM payments ;
        
#20
select jobTitle, customerName, city
from employees
RIGHT JOIN customers 
    ON jobTitle= 'VP Marketing'
ORDER BY 
jobTitle;     
  
  #19
  select min(amount),customerName
from customers
left join payments
    ON amount
ORDER BY 
customerName;     
     
     
  #17         
SELECT 
    productName, shippedDate,
   max( quantityOrdered)
FROM
    orders
INNER JOIN
    orderdetails USING (orderNumber)
INNER JOIN
    products where productName='1968 Ford Mustang'
ORDER BY 
    orderNumber, 
    orderLineNumber; 
#16a           
SELECT 
    paymentDate, MAX(amount)
FROM
    payments
GROUP BY customerNumber 
ORDER BY MAX(amount) DESC;    

#16b           
SELECT 
    paymentDate, avg(amount)
FROM
    payments
GROUP BY customerNumber having paymentDate='2003-07-19';              
           
#11a
  SELECT 
   quantityInStock, productLine,productVendor
FROM
    products
GROUP BY productLine ,productVendor='Red Start Diecast' having productLine='Vintage Cars';               

#9   
ALTER TABLE orderdetails Modify column quantityOrdered int;  

#7
UPDATE employees   
SET jobTitle = 'SR'    
WHERE officeCode= '4';    
           
           
           
           
           
     
     
     
     